微博id,微博正文,原始图片url,微博视频url,发布位置,发布时间,发布工具,点赞数,转发数,评论数
I3p73skk6,商业互吹  原图 ,http://wx3.sinaimg.cn/large/61271e10ly1g68i5dgx9hj20hb0x30up.jpg,无,无,2019-08-22 15:47,iPhone客户端,2,0,0
I3nD1uz72,迷惑行为大赏，吃饭没筷子 微博视频  ,无,无,无,2019-08-22 12:00,微博视频,0,0,0
I3ht5Exkn,微博好友真是太现实了关注我   跟我聊天   我没回    就取关了  原图 ,http://wx3.sinaimg.cn/large/61271e10ly1g67kehj3eyj20qo0qo0vf.jpg,无,无,2019-08-21 20:19,iPhone客户端,1,0,4
I2Vk0oQpA,还是我爸做的面条好吃  [组图共2张] 原图 ,"http://ww4.sinaimg.cn/large/61271e10ly1g64umhh7pyg20cb0cbwg3.gif,http://ww3.sinaimg.cn/large/61271e10ly1g64umn21zfj21w02iokjl.jpg",无,无,2019-08-19 11:56,iPhone客户端,0,0,2
I2o8levvW,幽灵公主现在所有血腥镜头全都被马赛克了看的我觉得我就是个憨憨  ,无,无,无,2019-08-15 23:27,iPhone客户端,0,0,0
I1RqJaJ84,瞎胡炒炒面  原图 ,http://wx3.sinaimg.cn/large/61271e10ly1g5wrq9tzfkj20u01401ky.jpg,无,无,2019-08-12 12:11,iPhone客户端,2,0,2
I1AVmwsRq,种草了魏大勋家的沙发  原图 ,http://wx1.sinaimg.cn/large/61271e10ly1g5uqutag3nj20ku112aul.jpg,无,无,2019-08-10 18:10,iPhone客户端,0,0,2
I1nKlcqW7,辣鸡选宿舍我要紧张死了开了三个网址  原图 ,http://wx3.sinaimg.cn/large/61271e10ly1g5t4oekt96j20k00zktbj.jpg,无,无,2019-08-09 08:37,iPhone客户端,2,0,3
I1evECyQx,满昏求生欲  原图 ,http://wx3.sinaimg.cn/large/61271e10ly1g5rzwpc3u1j20ku112n3h.jpg,无,无,2019-08-08 09:06,iPhone客户端,0,0,6
I0RHzvXVN,心情烦躁2048快玩自闭了  原图 ,http://wx3.sinaimg.cn/large/61271e10ly1g5p77k4ownj20ku112k4f.jpg,无,无,2019-08-05 23:03,iPhone客户端,1,0,0
I0GUR2JSH,周五从大东经过店里写着77元两双周末从大东经过店里写着55元两双  ,无,无,无,2019-08-04 19:35,iPhone客户端,1,0,1
I0xdYgYrN,真的会有人花钱买个口红盖子吗有钱人的快乐我还体会不到😂  原图 ,http://wx3.sinaimg.cn/large/61271e10ly1g5moso5fjvj20ku11247r.jpg,无,无,2019-08-03 18:55,iPhone客户端,1,0,0
HFApQ42Dt,不通的地漏被我用一根小棉签捅开了我看看自己被割伤的手指抹泪我真是不太聪明的亚子  ,无,无,无,2019-07-28 19:40,iPhone客户端,0,0,4
HFh55zdYk,看云  原图 ,http://wx4.sinaimg.cn/large/61271e10ly1g5df20x9crj20u0140afu.jpg,无,无,2019-07-26 18:27,iPhone客户端,3,0,1
HFgTqescX,在辅导班五天后终于有我不是一个行尸走肉的感觉了  原图 ,http://wx1.sinaimg.cn/large/61271e10ly1g5de7oehf8j20u0140qdk.jpg,无,无,2019-07-26 17:58,iPhone客户端,1,0,0
HF5d9ct3n,遇到好多不如意意难平伤心无奈很痛的事就比如这个伤口  [组图共2张] 原图 ,"http://ww3.sinaimg.cn/large/61271e10ly1g5bymfi0x6j21w02ioqv5.jpg,http://ww4.sinaimg.cn/large/61271e10ly1g5bymg9k66g20zk0qq1kx.gif",无,无,2019-07-25 12:14,iPhone客户端,0,0,2
HEYql0Ry5,今天好惨洗完澡地漏堵了我就伸手抠结果手指被割了疼😭  原图 ,http://wx2.sinaimg.cn/large/61271e10ly1g5b4o00j0sj21w02iob0n.jpg,无,无,2019-07-24 18:57,iPhone客户端,0,0,3
HEv834Rsr,我妈现在就是   诶我喜欢这种类型的男生诶这个也可以  那个也不错  你就照着这种找研二时候给我带回来个男朋友  毕业就结婚我要开始给你催婚了(小黄鸭震惊)  原图 ,http://wx1.sinaimg.cn/large/61271e10ly1g57jcbbhwmj201l01l742.jpg,无,无,2019-07-21 16:23,iPhone客户端,1,0,0
HEkR34PRT,犹豫就会败北没抢到小裙子  [组图共3张] 原图 ,"http://ww1.sinaimg.cn/large/61271e10ly1g569ztn4koj20m80m8juu.jpg,http://ww3.sinaimg.cn/large/61271e10ly1g569zsvcrqj201l01l742.jpg,http://ww4.sinaimg.cn/large/61271e10ly1g569ztvdgmj206o06aglo.jpg",无,无,2019-07-20 14:13,iPhone客户端,0,0,3
HE66CsC2z,哦哦哦哦哦哦哦哦哦哦哦哦哦亲爱的热爱的太好看了上头想看电视想冲会员不想睡觉换我我就一口气把话说清楚了干嘛拖来拖去可能就是这个原因所以我没有女主角的命运哦哦哦哦哦哦哦哦哦哦哦哦哦不行了脑缺氧了真的太好看了  ,无,无,无,2019-07-19 00:40,iPhone客户端,1,0,1
HDUw45W25,这个人很懒   什么都没有留下来  ,无,无,无,2019-07-17 19:10,iPhone客户端,2,0,0
HDIAQD0qu,肉松狂热爱好者🙋  ,无,无,无,2019-07-16 12:49,iPhone客户端,2,0,0
HDkKRi7hE,不得不面对一个事实父母老了他们随时会离我而去我爸虽然依旧很强壮但也不是小时候让我坐肩膀上的她了妈妈周一还要去检查  不知道是好是坏我愿意用未来60年不做坏事来换他们能陪我久一点虽然生老病死是常态我有一天也会追随他们而去可我一想到这  还是很难过  ,无,无,无,2019-07-14 00:08,iPhone客户端,5,0,0
HCxs9oTEb,还有啊我一开始觉得这个男老师长得真清新看我的脸红心跳不敢正视小鹿乱撞后来他跟女老师聊天  我只能眼巴巴看他侧脸我发现他牙黄瞬间觉得  嗯 差了那么一点意思  原图 ,http://wx4.sinaimg.cn/large/61271e10ly1g4sm6r4ifdj20k00f03z5.jpg,无,无,2019-07-08 18:37,iPhone客户端,4,0,1
HCxeWigCY,我和另外两个老师  一男一女  我们三个人下课在聊天，男老师问女老师哪学校的女老师说师院问我哪个学校的我灵机一动说我待业，然后他们两个聊的火热我只能跟女老师搭上话男老师不理我了我可真是个小机灵鬼  ,无,无,无,2019-07-08 18:04,iPhone客户端,0,0,6
HBVzguVqx,同学中已经出现硕博连读选手了我还只是个准研究生差距越来越大  ,无,无,无,2019-07-04 18:10,iPhone客户端,1,0,14
HBNqMnSz8,我大姨对我真的跟对自己闺女一样走时候我也会很烦可能她把原本应该给我哥的爱都寄托到我身上了会烦会觉得压力大又会觉得无能为力  [组图共2张] 原图 ,"http://ww1.sinaimg.cn/large/61271e10ly1g4myymi06sj20ku112gqh.jpg,http://ww4.sinaimg.cn/large/61271e10ly1g4myzx9mgkj20qs0qogo3.jpg",无,无,2019-07-03 21:27,iPhone客户端,1,0,0
HBDpBrcF6,今晚说错话了我忏悔  ,无,无,无,2019-07-02 19:57,iPhone客户端,0,0,0
HBsQr0RYT,我好无聊  [组图共2张] 原图 ,"http://ww3.sinaimg.cn/large/61271e10ly1g4kg3n9hyrj20ci0m8ju1.jpg,http://ww4.sinaimg.cn/large/61271e10ly1g4kg49rb89j209009qdg8.jpg",无,无,2019-07-01 17:03,iPhone客户端,6,1,7
HBsHVgTzj,突然很想再大声哔哔一句我可是四级491六级5百多考研英语76的人！我也不知道为啥很想强调一遍我也不知道我为啥要在这个小卖铺虚度光阴还要好几天我还没有水已经在这消费好几瓶水了  原图 ,http://wx1.sinaimg.cn/large/61271e10ly1g4kfih0uycj20k00f0q3u.jpg,无,无,2019-07-01 16:42,iPhone客户端,0,0,3
HBlRaoFko,朋友圈有人发一个小孩走丢了就突然很害怕害怕自己哪天活的好好的遇到意外自己又无法预料所以要小心生活  更要开心生活  ,无,无,无,2019-06-30 23:15,iPhone客户端,2,0,0
HAXdRC0oR,是我爸爸的小可爱本爱我爸给我留的稀饭里面有我爱吃的咸蛋黄和菜  ,无,无,无,2019-06-28 08:33,iPhone客户端,0,0,0
HAPzMpZPj,在楼下碰到中学校长了又被夸了一波哈哈哈哈哈哈哈哈开心  [组图共2张] 原图 ,"http://ww1.sinaimg.cn/large/61271e10ly1g4fmquhtmsj20i00o0782.jpg,http://ww1.sinaimg.cn/large/61271e10ly1g4fmqvhph3j20db0ciaaw.jpg",无,无,2019-06-27 13:05,iPhone客户端,3,0,3
HAOiA01eY,我正在看着你看着你目不转睛  原图 ,http://wx1.sinaimg.cn/large/61271e10ly1g4fh3xtg6cj20o00i077g.jpg,无,无,2019-06-27 09:49,iPhone客户端,3,0,4
HAEMrywtF,昨天抄了一黑板的题，结果家长来接的时候连教室也没进终于等到他们期末考了  原图 ,http://wx2.sinaimg.cn/large/61271e10ly1g4eb2x00rnj20u0140doc.jpg,无,无,2019-06-26 09:36,iPhone客户端,1,0,0
HAfC15GCt,我已经体会到我爸妈上班的艰辛和无奈了我真的疼的下半身瘫痪了我还在考虑贴个膏药明天坚持上班毕竟一天七八十块可是我朋友跟我说一定要休息好不然会有后遗症左右为难为啥我会把尾巴骨扭了  ,无,无,无,2019-06-23 17:31,iPhone客户端,2,0,0
HAeYcy8Dj,行吧人间不值得我下半身瘫痪了  原图 ,http://wx3.sinaimg.cn/large/61271e10ly1g4b55nw4lgj20m80m8acx.jpg,无,无,2019-06-23 15:53,iPhone客户端,0,0,0
HAcWcjdMX,终于找到三只松鼠果壳袋的妙用了这个芝士酸奶并不好喝报告完毕  [组图共3张] 原图 ,"http://ww2.sinaimg.cn/large/61271e10ly1g4aw5o48p1j20u0140wkv.jpg,http://ww2.sinaimg.cn/large/61271e10ly1g4aw5nmnqdj20u01407ba.jpg,http://ww2.sinaimg.cn/large/61271e10ly1g4aw6n18lvg203d03cdhe.gif",无,无,2019-06-23 10:43,iPhone客户端,0,0,0
HzrT8ljIf,忍不住还想炫耀我真的太贤惠了  原图 ,http://wx4.sinaimg.cn/large/61271e10ly1g454gro5mzj20ku0rs0yn.jpg,无,无,2019-06-18 10:56,iPhone客户端,4,0,2
HzcNHvwyO,父亲节给我爸发个大红包我爸领的真快，倒是我跟他发的消息到现在还没回复今天朋友圈到处都是父亲节快乐我好想当大家的爸爸可我怕被打停下了暗搓搓的小手密室大逃脱大神版真好看每个人都是我的理想型我妈说你别吃饭了瘦点吧不然怎么找这么帅的男朋友  ,无,无,无,2019-06-16 20:31,iPhone客户端,1,0,0
HynU5k4tV,坚持就是胜利上班好难每晚睡觉前都觉得失去生活的意义觉得很抑郁  ,无,无,无,2019-06-11 10:57,iPhone客户端,1,0,0
HxZZ9d6p9,焦迈奇简直是情话小王子怎么每首歌都是情话我🉑  ,无,无,无,2019-06-08 22:04,iPhone客户端,0,0,0
Hxxq14p6j,我承受的太多了这种天气才会觉得自己瘦弱，风一吹就想跑  [组图共3张] 原图 ,"http://ww1.sinaimg.cn/large/61271e10ly1g3qlfkzce7j20u0140gtz.jpg,http://ww4.sinaimg.cn/large/61271e10ly1g3qlfk79r9j20qo0zkjx5.jpg,http://ww1.sinaimg.cn/large/61271e10ly1g3qlfltvxoj2056058dfs.jpg",无,无,2019-06-05 21:20,iPhone客户端,2,0,0
HxiID1fin,#聊天回复嗯被老板批评#标准万能回复  好的，是的，收到  ,无,无,无,2019-06-04 07:55,iPhone客户端,0,0,0
Hxhah2Am6,白天也没有胡思乱想啥晚上做梦梦到一个亲戚追着我竖中指要终结我然后就害怕的再也睡不着了  原图 ,http://wx2.sinaimg.cn/large/61271e10ly1g3olp00zjgj2056058dfs.jpg,无,无,2019-06-04 03:57,iPhone客户端,2,0,0
HxasJ5uAC,热  ,无,无,无,2019-06-03 10:54,iPhone客户端,0,0,0
HwAEvBI3m,今天中午抬床时候挤到手指了哭唧唧感觉干不下去了另一个老师也说干不下去了  原图 ,http://wx4.sinaimg.cn/large/61271e10ly1g3je0ccctoj2056058dfs.jpg,无,无,2019-05-30 15:44,iPhone客户端,1,0,0
Hwi7ycq2F,谁能顶得住诱惑49块而且还送了卸妆水正装和眼影刷今天小朋友们庆祝儿童节表演节目希望晚上没有作业🙏🙏🙏想早点回家  原图 ,http://wx1.sinaimg.cn/large/61271e10ly1g3h45t9kl0j20u01hc7g6.jpg,无,无,2019-05-28 16:33,iPhone客户端,1,0,1
Hw6rnAar4,今天被一个小孩家长叫乖啊被感动到了还有人觉得我是个孩子  原图 ,http://wx1.sinaimg.cn/large/61271e10ly1g3fomzeq9ij20ak0ajmxo.jpg,无,无,2019-05-27 10:49,iPhone客户端,0,0,2
HvtGkrL4R,自创鸡蛋裹油条哈哈哈哈  [组图共2张] 原图 ,"http://ww2.sinaimg.cn/large/61271e10ly1g3axic7510j20ku0rswkd.jpg,http://ww4.sinaimg.cn/large/61271e10ly1g3axietosoj2028028743.jpg",无,无,2019-05-23 08:09,iPhone客户端,1,0,0
Hv3DGazi4,朋友圈有毒本来今天聂工说 今天是个好日子呀 的时候，我想了好久才想起来今天520然后刚才刷朋友圈才开始很心痛为啥别的小朋友都有小红包小礼物小情书而我却是个工作案板上的鱼肉今天是世界陌生人节  原图 ,http://wx1.sinaimg.cn/large/61271e10ly1g37qjnywypj20j60hq76r.jpg,无,无,2019-05-20 13:51,iPhone客户端,3,0,2
Hv0LwnnyG,奇奇真是个可爱的男孩可爱多比我吃的多一些🤓  原图 ,http://wx2.sinaimg.cn/large/61271e10ly1g37dugcmtmj20ku112alk.jpg,无,无,2019-05-20 06:32,iPhone客户端,2,0,0
HuORWCaWJ,雅诗兰黛假滑我真的体会到了我妈说摸着就跟脸上有一层粉面一样咱也不敢说啥毕竟是花了钱的  原图 ,http://wx3.sinaimg.cn/large/61271e10ly1g35xchm9e1j20e80d9jsv.jpg,无,无,2019-05-19 00:15,iPhone客户端,2,0,0
HtTGp2Xne,计划上的巨人，行动上的矮子  原图 ,http://wx3.sinaimg.cn/large/61271e10ly1g2ywvlbwjwj21w02ioe81.jpg,无,无,2019-05-12 22:40,iPhone客户端,0,0,5
HtQCmgzC4,#最美妈妈大赛#我妈妈  [组图共2张] 原图 ,"http://ww4.sinaimg.cn/large/61271e10ly1g2yjck4yhsj20k00zkdnr.jpg,http://ww3.sinaimg.cn/large/61271e10ly1g2yjcjpb2qj20g80g8gmx.jpg",无,无,2019-05-12 14:52,iPhone客户端,4,0,0
HtrVKFMTn,感冒➕头痛➕口腔溃疡➕生理痛➕上班所有的痛感都有了只要我跑的够快烦恼就追不上我  原图 ,http://wx3.sinaimg.cn/large/61271e10ly1g2vickzazrg202s02sq43.gif,无,无,2019-05-10 00:01,iPhone客户端,0,0,0
HsGttiGK0,感觉全世界的车都在今天晚点火车站返程高峰人真的超多期待下次见面  菊园同学  [组图共4张] 原图 ,"http://ww3.sinaimg.cn/large/61271e10ly1g2posvvevsj20ku0rsn4f.jpg,http://ww4.sinaimg.cn/large/61271e10ly1g2posx0hnyj20u01407dj.jpg,http://ww1.sinaimg.cn/large/61271e10ly1g2poub8f8wj20qo0qoad9.jpg,http://ww2.sinaimg.cn/large/61271e10ly1g2poubhaumj20k00jzt9j.jpg",无,无,2019-05-04 23:12,iPhone客户端,1,0,0
HsxmU8eoe,Saturday  [组图共2张] 原图 ,"http://ww2.sinaimg.cn/large/61271e10ly1g2okn8lwx4j20u014047i.jpg,http://ww3.sinaimg.cn/large/61271e10ly1g2okna07c9j20u0140wry.jpg",无,无,2019-05-04 00:01,iPhone客户端,1,0,0
Hs3Y0mxge,妈个鸡真是易燃易爆炸的一天我想租房子搬出去住  ,无,无,无,2019-04-30 21:10,iPhone客户端,0,0,0
Hs3SYjDcV,#贵的衣服和便宜的衣服差很多吗#有的吧  我超喜欢熙然的衣服但是他太贵了一个冬天的状态都是  回家以后先把袄规规整整的叠好放回柜子里  ,无,无,无,2019-04-30 20:58,iPhone客户端,1,0,2
HrRWQv3vm,我好惨一女的自从我买了雅诗兰黛的面霜和精华以后我现在连买个十几块的洗面奶都觉得手疼我一个月得工资就这么没了我还得攒开学学费我的平板可能要在618难产双十一再买了我买完又醒悟了一个道理用一瓶霜一精华是看不出来效果的得坚持用  这意味着过几个月我还得买我好惨   真的好惨  ,无,无,无,2019-04-29 14:34,iPhone客户端,2,0,1
HryCl3vCN,啊我这会好抑郁啊我觉得生活好没意思我快窒息了  ,无,无,无,2019-04-27 13:21,iPhone客户端,0,0,8
HreAl3kKf,我的4月23日一天早上7点半响闹钟然后赖床7点50起8点15洗漱完毕8点25吃饭出门9点到托教班然后晚上8点半下班8点45到大姨家给我小侄女检查作业9点到家9点半洗完澡10点半运动完然后想着拿个首胜结果打游戏到12点结果首胜还没拿到然后第二天早上对我来说起床更困难了我才23岁  挣钱真累  原图 ,http://wx1.sinaimg.cn/large/61271e10ly1g2eo0go1iwj206o06o3yr.jpg,无,无,2019-04-25 10:22,iPhone客户端,1,0,1
Hrau31VZ2,4月24日每天从托教班结束都一肚子气天鹅臂练到第5天了   总体很满意买了新的瑜伽垫，准备开始练全身晚安呀  ,无,无,无,2019-04-24 23:55,iPhone客户端,2,0,2
HqXVP3czT,#YSL圆管#Ysl一生黑(虽然我唯一的一个方管还是zh送的，方管也不好用，但还是要在线感谢zh)  ,无,无,无,2019-04-23 15:58,iPhone客户端,2,0,5
HqxMx8KTO,天鹅臂第二天痛苦不过照镜子觉得是美的不知道是不是心理作用  ,无,无,无,2019-04-20 21:24,iPhone客户端,1,0,0
HqrixfKcS,一万次离别  [组图共2张] 原图 ,"http://ww2.sinaimg.cn/large/61271e10ly1g28mf6se1qj20u0140wqn.jpg,http://ww1.sinaimg.cn/large/61271e10ly1g28mf4ip5oj20u0140h00.jpg",无,无,2019-04-20 04:53,iPhone客户端,0,0,0
Hqezs8Y9P,今天早上上班时候托教班老师跟我说  我带带一年级就知道将来怎么带小孩了然后我笑了笑中午班里两个小女生闹矛盾因为a经常给b送小橡皮  今天b带了好多小印章a想要一个但是b很喜欢不想给我站旁边不知道怎么安慰A在哭鼻子  b噘着嘴不说话我觉得道理好残酷   因为别人的东西他都有给不给你的道理，不给你他也没错我对着这么可爱的小女生啥都不出口后来老板娘还是把这个道理说出来了可能我有孩子了  我会交给她分享  但我怎么都说不出口那些残酷的大道理                                 ,无,无,无,2019-04-18 20:29,iPhone客户端,1,0,1
Hq09jc6ph,4月16日还是学的图论没被换👏🏻👏🏻👏🏻👏🏻👏🏻  原图 ,http://wx1.sinaimg.cn/large/61271e10ly1g25ajxw5uej20ku112tdh.jpg,无,无,2019-04-17 07:46,iPhone客户端,2,0,5
HpX4g4HzA,今天特别奇妙下班早所以在楼下碰到了前段时间一起电话推销的小哥哥然后我们互加了微信然后阴差阳错又说加QQ一起打王者然后加了QQ我去偷窥他留言板发现哼  长得帅的  留言板清一水儿的小姐姐Id不带重复这样 感慨他家开火锅店的我得维持好情感万一哪天吃火锅呢  ,无,无,无,2019-04-16 23:56,iPhone客户端,0,0,1
HpWpIBsTJ,我要拿小本本记下来怪味豆好好吃啊简直是我的生命之光  ,无,无,无,2019-04-16 22:16,iPhone客户端,0,0,0
HpCUWr425,用小号打匹配真爽我都够菜了遇到的选手比我还菜  ,无,无,无,2019-04-14 20:38,iPhone客户端,0,0,0
